{
  "auroc": 0.9186279953139082,
  "accuracy": 0.8480507974010632,
  "youden_j": 0.6969960856376227,
  "best_threshold": 0.4,
  "config": {
    "blocks": 6,
    "filters": 64,
    "dense_dim": 128,
    "lr": 0.0001,
    "batch": 8,
    "dropout": 0.2,
    "n_roi_features": 15,
    "window_size": 150
  },
  "n_train": 162526,
  "n_val": 40632
}