{
    "final_learning_rate": 0.0005000000237487257,
    "best_val_loss": 0.008419433608651161,
    "best_val_accuracy": 0.9840986728668213,
    "best_val_auc": 0.9988771080970764
}