{
    "final_learning_rate": 0.0005000000237487257,
    "best_val_loss": 0.004306856542825699,
    "best_val_accuracy": 0.9910812973976135,
    "best_val_auc": 0.9995726943016052
}