mean_x,std_x,mean_y,std_y,mean_z,std_z,max_confidence,min_confidence
0.5742561709180916,0.1817204228238585,0.3192642439865478,0.3031941806497215,0.5472996442811341,0.18234102037942598,99,0
