mean_x,std_x,mean_y,std_y,mean_z,std_z,max_confidence,min_confidence
0.4479394206154507,0.21769430264029313,0.38648868831056693,0.32447784167752014,0.502341543323892,0.1527328635215381,0.999971866607666,0.2277502864599228
