mean_x,std_x,mean_y,std_y,mean_z,std_z,max_confidence,min_confidence
0.49659194853435185,0.20110864392801564,0.37719617347045475,0.3358893301105894,0.38744023569357156,0.21224010658502726,0.9999831318855286,0.0001094895851565
