mean_x,std_x,mean_y,std_y,mean_z,std_z,max_confidence,min_confidence
0.48630426049729,0.234505170328838,0.37367291839640154,0.3220826859882609,0.42862131893186195,0.17906130877112686,0.9999696612358092,0.0591611489653587
