mean_x,std_x,mean_y,std_y,mean_z,std_z,max_confidence,min_confidence
0.46002824648901197,0.15370285242234935,0.3560812719231368,0.32859820820289515,0.4564811502554596,0.2012333586037597,0.9999983310699464,0.541875422000885
