mean_x,std_x,mean_y,std_y,mean_z,std_z,max_confidence,min_confidence
0.4752284904992182,0.23789722381629436,0.37402506332608515,0.33593792566738384,0.6688164703760916,0.15258629614256872,0.9999579787254332,0.1994719803333282
