mean_x,std_x,mean_y,std_y,mean_z,std_z,max_confidence,min_confidence
0.48902881687431976,0.22135248334523136,0.3601118827646274,0.32825411621993217,0.4014287254556968,0.2688585919494564,0.9999906420707704,0.5445864796638489
