mean_x,std_x,mean_y,std_y,mean_z,std_z,max_confidence,min_confidence
0.45382257257114395,0.2195264029694129,0.36982239225878294,0.33355147459552315,0.6439378947995793,0.1411582374985876,0.999989092350006,0.2979117929935455
