mean_x,std_x,mean_y,std_y,mean_z,std_z,max_confidence,min_confidence
0.4940816884016817,0.25503570523758795,0.3454546575952548,0.32477878109476177,0.4045444242260434,0.23706883472455664,0.9999938011169434,0.466585248708725
