mean_x,std_x,mean_y,std_y,mean_z,std_z,max_confidence,min_confidence
0.4760102908842429,0.23616545734225078,0.37732844399909465,0.33911653114860846,0.622845115346608,0.18439771434282334,0.9999744296073914,0.2684762179851532
