mean_x,std_x,mean_y,std_y,mean_z,std_z,max_confidence,min_confidence
0.49207531634930546,0.2716306791881474,0.3720591875111462,0.3240596528406453,0.4588858758522428,0.14813652478775244,0.9999900460243224,0.0314699709415435
