mean_x,std_x,mean_y,std_y,mean_z,std_z,max_confidence,min_confidence
0.43852721682971596,0.22206452251221817,0.3873784413398271,0.3249704642037699,0.5194828411421827,0.18754536145262524,0.9999800324440002,0.2000550478696823
