mean_x,std_x,mean_y,std_y,mean_z,std_z,max_confidence,min_confidence
0.5023413332459415,0.26429666919845746,0.39370454590253273,0.33151381880272285,0.3695144680176341,0.2736139145086347,0.9998695850372314,0.0072178770788013
