mean_x,std_x,mean_y,std_y,mean_z,std_z,max_confidence,min_confidence
0.5070434843898991,0.17289700525320287,0.3312231167713765,0.3183126119755691,0.5209093463447,0.17759467304657073,0.9999850988388062,0.0001784019259503
