mean_x,std_x,mean_y,std_y,mean_z,std_z,max_confidence,min_confidence
0.5038381090892884,0.24629595611067454,0.3780985770123516,0.31848080955971736,0.43255647983393664,0.17047737816354724,0.9999958276748656,0.0283027868717908
