mean_x,std_x,mean_y,std_y,mean_z,std_z,max_confidence,min_confidence
0.4949217837567704,0.16042929861670624,0.38700470784516344,0.3390316083567581,0.5637201961918822,0.21911452213244825,0.9999923706054688,0.244656354188919
