mean_x,std_x,mean_y,std_y,mean_z,std_z,max_confidence,min_confidence
0.4484025204108286,0.21930481982165004,0.3443190745374124,0.32081865291862854,0.5143795216670832,0.228998608480265,0.9999886751174928,0.0001307847123825
